Date,Open,tomo prediction,Pos,prediction,last
2017-09-25,19.38198496988747,0,0,1.0,1.0
2017-09-26,19.564835315718508,1,0,0.0,1.0
2017-09-27,19.40123356909616,1,0,1.0,0.0
2017-09-28,19.53596708146734,0,0,1.0,1.0
2017-09-29,19.430104033214864,1,1,0.0,1.0
2017-10-02,19.24725640146199,0,1,1.0,0.0
2017-10-03,19.391612149443425,0,1,0.0,1.0
2017-10-04,19.68994012696345,1,1,0.0,0.0
2017-10-05,19.776552114674352,1,1,1.0,0.0
2017-10-06,19.815050479861032,0,1,1.0,1.0
2017-10-10,20.209616516705236,1,1,0.0,1.0
2017-10-11,20.074890054286218,0,0,1.0,0.0
2017-10-12,20.16149983860593,0,1,0.0,1.0
2017-10-13,20.14224950805466,1,0,0.0,0.0
2017-10-16,20.074890765809123,0,0,1.0,0.0
2017-10-17,19.48784754814695,1,0,0.0,1.0
2017-10-18,19.535963876132325,1,0,1.0,0.0
2017-10-19,19.564834221520602,0,1,1.0,1.0
2017-10-20,19.372363939681584,1,1,0.0,1.0
2017-10-23,19.37236121945178,0,0,1.0,0.0
2017-10-24,19.584080632975162,1,1,0.0,1.0
2017-10-25,19.372364022129855,1,0,1.0,0.0
2017-10-26,19.16064344213045,0,1,1.0,1.0
2017-10-27,18.10204504859217,1,1,0.0,1.0
2017-10-30,18.121293378078114,0,0,1.0,0.0
2017-10-31,18.111667830093012,1,0,0.0,1.0
2017-11-01,18.005808373028053,0,0,1.0,0.0
2017-11-02,17.563120712487553,1,0,0.0,1.0
2017-11-03,17.332153420775015,1,0,1.0,0.0
2017-11-06,17.2840336301677,1,1,1.0,1.0
2017-11-07,17.168552310433626,0,0,1.0,1.0
2017-11-08,17.32252965991321,0,1,0.0,1.0
2017-11-09,17.197423222587098,0,0,0.0,0.0
2017-11-10,17.226295046850222,0,1,0.0,0.0
2017-11-13,17.081940961711563,1,1,0.0,0.0
2017-11-14,17.0338209311975,0,0,1.0,0.0
2017-11-15,17.312905172670025,1,1,0.0,1.0
2017-11-17,17.178174175221052,0,0,1.0,0.0
2017-11-20,17.22629182130849,1,1,0.0,1.0
2017-11-21,17.13968276977539,1,1,1.0,0.0
2017-11-22,17.178174175221052,0,1,1.0,1.0
2017-11-27,17.505377454647597,1,0,0.0,1.0
2017-11-28,17.56311870080271,0,0,1.0,0.0
2017-11-29,17.445625241859627,1,0,0.0,1.0
2017-11-30,17.15631530088777,1,1,1.0,0.0
2017-12-01,16.973081278677434,0,0,1.0,1.0
2017-12-04,17.16595546693243,1,0,0.0,1.0
2017-12-05,16.924861918252947,1,0,1.0,0.0
2017-12-06,16.780203795418238,1,1,1.0,1.0
2017-12-07,16.461959224743225,0,0,1.0,1.0
2017-12-08,16.97308106707634,1,0,0.0,1.0
2017-12-11,16.924862438621425,0,1,1.0,0.0
2017-12-12,16.847711610509794,1,1,0.0,1.0
2017-12-13,16.982725434568255,0,0,1.0,0.0
2017-12-14,17.45527070709925,1,1,0.0,1.0
2017-12-15,17.522777498394642,1,1,1.0,0.0
2017-12-18,17.599927085053878,0,0,1.0,1.0
2017-12-19,17.792806051392688,1,1,0.0,1.0
2017-12-20,17.792802867546865,0,0,1.0,0.0
2017-12-21,17.744582673993584,1,1,0.0,1.0
2017-12-22,17.82172958805736,0,0,1.0,0.0
2017-12-27,17.773517041284684,0,0,0.0,1.0
2017-12-28,17.696363258884105,0,1,0.0,0.0
2017-12-29,17.484199127166182,1,1,0.0,0.0
2018-01-02,17.66743282884513,0,0,1.0,0.0
2018-01-03,18.400363257589397,0,0,0.0,1.0
2018-01-04,18.139979400453647,0,0,0.0,0.0
2018-01-05,17.937458434485983,1,0,0.0,0.0
2018-01-08,17.831378847533873,0,0,1.0,0.0
2018-01-09,17.542065068588492,0,1,0.0,1.0
2018-01-10,17.667432791201424,0,1,0.0,0.0
2018-01-11,17.69636870764071,1,1,0.0,0.0
2018-01-12,17.90852617576508,0,0,1.0,0.0
2018-01-16,18.371427872467336,1,0,0.0,1.0
2018-01-17,18.10140371993511,1,0,1.0,0.0
2018-01-18,17.638504556527746,1,1,1.0,1.0
2018-01-19,17.339545741029813,1,1,1.0,1.0
2018-01-22,17.339543435805272,0,1,1.0,1.0
2018-01-23,17.38776520419481,0,1,0.0,1.0
2018-01-24,18.082119379031514,0,0,0.0,0.0
2018-01-25,17.93746407658164,0,0,0.0,0.0
2018-01-26,17.628860426166185,1,0,0.0,0.0
2018-01-30,17.146670204293493,1,1,1.0,0.0
2018-01-31,17.06952141335187,0,1,1.0,1.0
2018-02-01,16.96343859766149,0,0,0.0,1.0
2018-02-02,16.88629280194919,1,1,0.0,0.0
2018-02-05,16.62590444804043,1,0,1.0,0.0
2018-02-06,16.365521420488427,1,0,1.0,1.0
2018-02-07,16.124428353221038,1,0,1.0,1.0
2018-02-08,16.230510630173526,1,0,1.0,1.0
2018-02-09,15.99905620821753,0,1,1.0,1.0
2018-02-12,15.979769777144373,0,0,0.0,1.0
2018-02-13,16.143713868617482,1,1,0.0,0.0
2018-02-14,16.056918967960442,0,0,1.0,0.0
2018-02-15,16.5005341779708,1,0,0.0,1.0
2018-02-16,15.902621786078795,1,0,1.0,0.0
2018-02-20,15.767609012381152,1,0,1.0,1.0
2018-02-21,15.786895023339115,0,0,1.0,1.0
2018-02-22,15.545799994747753,0,0,0.0,1.0
2018-02-23,15.208265476226773,1,1,0.0,0.0
2018-02-26,14.957529503706356,1,0,1.0,0.0
2018-02-27,14.839654491020331,0,0,1.0,1.0
2018-02-28,14.520627055620231,1,0,0.0,1.0
2018-03-01,14.20159761866093,0,1,1.0,0.0
2018-03-02,14.220935401025582,0,1,0.0,1.0
2018-03-05,14.414284412384706,0,1,0.0,0.0
2018-03-06,14.781650896345939,0,0,0.0,0.0
2018-03-07,14.752648903431716,1,1,0.0,0.0
2018-03-08,14.539961307857466,0,0,1.0,0.0
2018-03-09,14.607633488153859,1,1,0.0,1.0
2018-03-12,14.723645588910394,0,1,1.0,0.0
2018-03-13,15.168351640936887,0,1,0.0,1.0
2018-03-14,15.294028836470762,1,0,0.0,0.0
2018-03-15,15.40037155151367,1,1,1.0,0.0
2018-03-16,15.439042960058734,0,0,1.0,1.0
2018-03-19,15.545385635701273,0,0,0.0,1.0
2018-03-20,15.419707376932616,0,1,0.0,0.0
2018-03-21,15.255356762163709,0,0,0.0,0.0
2018-03-22,15.323032647596866,1,1,0.0,0.0
2018-03-23,15.477711555667137,0,1,1.0,0.0
2018-03-26,15.690396519599087,0,0,0.0,1.0
2018-03-27,15.729068781700821,1,0,0.0,0.0
2018-03-28,15.516381889702275,0,1,1.0,0.0
2018-03-29,15.458376613674568,1,1,0.0,1.0
2018-04-02,15.690394643177251,0,0,1.0,0.0
2018-04-03,15.68073130061697,1,1,0.0,1.0
2018-04-04,15.584055779712065,1,1,1.0,0.0
2018-04-05,15.381036465618587,0,1,1.0,1.0
2018-04-06,15.593722133388743,0,0,0.0,1.0
2018-04-09,15.680728932515787,0,0,0.0,0.0
2018-04-10,15.66139519552288,1,1,0.0,0.0
2018-04-11,15.680730203158653,0,0,1.0,0.0
2018-04-12,15.787075110339494,1,1,0.0,1.0
2018-04-13,15.816074675664131,0,0,1.0,0.0
2018-04-16,16.06742993154476,0,1,0.0,1.0
2018-04-17,15.78707191381867,1,1,0.0,0.0
2018-04-18,16.038426725016855,0,1,1.0,0.0
2018-04-19,16.241445170513902,0,0,0.0,1.0
2018-04-20,16.28978576589385,0,0,0.0,0.0
2018-04-23,16.086767474390385,0,1,0.0,0.0
2018-04-24,15.999759014343994,0,1,0.0,0.0
2018-04-25,16.45413644443325,0,1,0.0,0.0
2018-04-26,16.753824532930704,0,1,0.0,0.0
2018-04-27,16.995511644562963,1,0,0.0,0.0
2018-04-30,16.92784282792888,0,1,1.0,0.0
2018-05-01,16.63781456211788,0,0,0.0,1.0
2018-05-02,16.77315696665713,1,1,0.0,0.0
2018-05-03,16.831168920600472,0,1,1.0,0.0
2018-05-04,16.70548983713817,1,0,0.0,1.0
2018-05-07,16.75382470683656,0,0,1.0,0.0
2018-05-08,16.637813131202247,0,0,0.0,1.0
2018-05-09,16.502470343596197,0,1,0.0,0.0
2018-05-10,16.637815969194744,0,0,0.0,0.0
2018-05-11,16.734490418644537,0,1,0.0,0.0
2018-05-14,16.70549021884369,0,0,0.0,0.0
2018-05-15,16.42512860310558,0,0,0.0,0.0
2018-05-16,16.376789190869097,1,0,0.0,0.0
2018-05-17,16.328450455598983,0,1,1.0,0.0
2018-05-18,16.299451458223327,0,0,0.0,1.0
2018-05-22,16.3671300843815,0,1,0.0,0.0
2018-05-23,16.22211009763628,0,1,0.0,0.0
2018-05-24,16.647481876205784,0,0,0.0,0.0
2018-05-25,16.831165584367863,1,1,0.0,0.0
2018-05-29,16.666817539650115,0,0,1.0,0.0
2018-05-30,16.810951381386086,0,0,0.0,1.0
2018-05-31,16.733436880225206,1,0,0.0,0.0
2018-06-01,16.549336460392567,0,0,1.0,0.0
2018-06-04,16.45244475565532,1,1,0.0,1.0
2018-06-05,16.25865851100131,0,0,1.0,0.0
2018-06-06,16.307103250148508,0,1,0.0,1.0
2018-06-07,16.268348040188936,0,1,0.0,0.0
2018-06-08,16.307101417708946,0,1,0.0,0.0
2018-06-11,16.36524196237026,0,0,0.0,0.0
2018-06-12,16.4524445927673,0,0,0.0,0.0
2018-06-13,16.559027452848813,1,1,0.0,0.0
2018-06-14,16.500893790984318,0,0,1.0,0.0
2018-06-15,16.568714388867484,1,1,0.0,1.0
2018-06-18,16.326483037418225,1,1,1.0,0.0
2018-06-19,16.374931243731282,0,0,1.0,1.0
2018-06-20,16.52996043272769,1,1,0.0,1.0
2018-06-21,16.462136866399558,0,1,1.0,0.0
2018-06-22,16.617164316576083,0,0,0.0,1.0
2018-06-25,16.68498822315724,1,0,0.0,0.0
2018-06-26,16.481509493735107,0,1,1.0,0.0
2018-06-27,16.403997881888404,1,0,0.0,1.0
2018-06-28,16.433064955181795,0,1,1.0,0.0
2018-06-29,16.345860879376097,0,0,0.0,1.0
2018-07-05,17.101626558823273,0,0,0.0,0.0
2018-07-06,17.082249484387287,0,0,0.0,0.0
2018-07-09,17.062872012769372,0,1,0.0,0.0
2018-07-10,16.830327467770406,0,0,0.0,0.0
2018-07-11,16.830329674371093,1,1,0.0,0.0
2018-07-12,16.578405115041228,1,0,1.0,0.0
2018-07-13,16.452444076538086,0,0,1.0,1.0
2018-07-16,16.40399907182164,0,0,0.0,1.0
2018-07-17,16.22958966025608,1,0,0.0,0.0
2018-07-18,16.084251381810425,0,0,1.0,0.0
2018-07-19,15.716054757319613,0,0,0.0,1.0
2018-07-20,15.967979818749075,1,0,0.0,0.0
2018-07-23,15.551339197729876,1,1,1.0,0.0
2018-07-24,15.154078355195233,1,0,1.0,1.0
2018-07-25,15.173454235989075,0,0,1.0,1.0
2018-07-26,14.572718121478616,1,1,0.0,1.0
2018-07-27,14.030118100909645,0,0,1.0,0.0
2018-07-30,14.088252492836606,1,1,0.0,1.0
2018-07-31,14.059185488248055,1,0,1.0,0.0
2018-08-01,14.088254508465884,0,1,1.0,1.0
2018-08-02,13.73943966377247,0,1,0.0,1.0
2018-08-03,13.846019944168436,0,0,0.0,0.0
2018-08-07,13.88477722992751,1,1,0.0,0.0
2018-08-08,13.661925270175136,1,0,1.0,0.0
2018-08-09,13.836331736226347,1,1,1.0,1.0
2018-08-10,13.758815370490804,0,0,1.0,1.0
2018-08-13,13.720060992655856,1,0,0.0,1.0
2018-08-14,13.371245900993733,1,0,1.0,0.0
2018-08-15,12.954604958759825,1,0,1.0,1.0
2018-08-16,12.867400409735279,1,1,1.0,1.0
2018-08-17,12.605790196047664,0,1,1.0,1.0
2018-08-20,12.828643669948866,1,1,0.0,1.0
2018-08-21,12.838333456971082,0,1,1.0,0.0
2018-08-22,12.915848088692186,0,0,0.0,1.0
2018-08-23,13.003049716235092,1,1,0.0,0.0
2018-08-24,13.158080982235406,0,1,1.0,0.0
2018-08-27,13.284042285287757,1,0,0.0,1.0
2018-08-28,13.410003051240249,0,0,1.0,0.0
2018-08-29,13.351866265539266,1,0,0.0,1.0
2018-08-30,13.321936800187288,0,0,1.0,0.0
2018-08-31,13.273351853268439,1,0,0.0,1.0
2018-09-04,12.972125931802713,1,1,1.0,0.0
2018-09-05,12.680617898633942,0,1,1.0,1.0
2018-09-06,12.700053026519589,1,1,0.0,1.0
2018-09-07,12.593165975180796,0,0,1.0,0.0
2018-09-10,12.82637349592854,1,0,0.0,1.0
2018-09-11,12.389109437958277,0,1,1.0,0.0
2018-09-12,12.457127249560342,0,0,0.0,1.0
2018-09-13,12.991559583909988,1,1,0.0,0.0
2018-09-14,12.777788351344151,0,1,1.0,0.0
2018-09-17,12.865240866463866,0,1,0.0,1.0
2018-09-18,13.1664655585139,1,1,0.0,0.0
2018-09-19,13.302503217579401,0,0,1.0,0.0
2018-09-20,13.457975185183935,0,0,0.0,1.0
2018-09-21,13.12759953149735,0,1,0.0,0.0
2018-09-24,13.759199352192526,0,1,0.0,0.0
2018-09-25,14.458820723028088,0,0,0.0,0.0
2018-09-26,14.099292129722125,1,1,0.0,0.0
2018-09-27,13.613444941354553,0,0,1.0,0.0
2018-09-28,14.128443704590216,1,0,0.0,1.0
2018-10-01,13.866085795988154,1,1,1.0,0.0
2018-10-02,13.992405940362975,0,0,1.0,1.0
2018-10-03,14.624007017367065,1,1,0.0,1.0
2018-10-04,14.517120966311483,0,0,1.0,0.0
2018-10-05,14.555990047497506,0,0,0.0,1.0
2018-10-09,14.19646186983975,0,1,0.0,0.0
2018-10-10,14.22561230723041,0,1,0.0,0.0
2018-10-11,15.02240320345148,0,0,0.0,0.0
2018-10-12,15.7511736052919,1,1,0.0,0.0
2018-10-15,15.858060862848465,0,0,1.0,0.0
2018-10-16,15.945512388034992,0,1,0.0,1.0
2018-10-17,15.838626156836419,0,1,0.0,0.0
2018-10-18,16.06211338620815,0,1,0.0,0.0
2018-10-19,16.771452355566886,1,0,0.0,0.0
2018-10-22,16.771454614054086,1,1,1.0,0.0
2018-10-23,17.296168539341323,0,0,1.0,1.0
2018-10-24,16.946360792779455,1,0,0.0,1.0
2018-10-25,16.373058659616795,1,1,1.0,0.0
2018-10-26,16.13013385109634,1,0,1.0,1.0
2018-10-29,16.266169741567506,1,1,1.0,1.0
2018-10-30,16.071835301234387,1,0,1.0,1.0
2018-10-31,16.100982273719282,1,1,1.0,1.0
2018-11-01,16.285607522208007,0,0,1.0,1.0
2018-11-02,16.946358861830433,1,1,0.0,1.0
2018-11-05,16.713152665358933,0,0,1.0,0.0
2018-11-06,16.67428020611786,1,0,0.0,1.0
2018-11-07,16.849188571425604,1,1,1.0,0.0
2018-11-08,16.547962997903724,0,0,1.0,1.0
2018-11-09,16.499378989444086,1,0,0.0,1.0
2018-11-12,16.36334110374172,1,0,1.0,0.0
2018-11-13,16.17871972766532,0,1,1.0,1.0
2018-11-14,15.809477231355547,0,1,0.0,1.0
2018-11-15,16.53825033981887,1,1,0.0,0.0
2018-11-16,16.81031989453347,1,1,1.0,0.0
2018-11-19,16.67428020611786,1,1,1.0,1.0
2018-11-20,16.810321840222773,0,1,1.0,1.0
2018-11-21,17.0046578307452,0,0,0.0,1.0
2018-11-26,16.907489401764707,1,0,0.0,0.0
2018-11-27,16.829754620996756,1,1,1.0,0.0
2018-11-28,16.450796107766827,0,1,1.0,1.0
2018-11-29,17.034259383728386,1,0,0.0,1.0
2018-11-30,16.722597591305338,1,1,1.0,0.0
2018-12-03,16.64468150053165,0,1,1.0,1.0
2018-12-04,16.781035040915764,1,1,0.0,1.0
2018-12-06,17.190093082144774,1,1,1.0,0.0
2018-12-07,17.599150083612578,1,1,1.0,1.0
2018-12-10,17.784198366322094,0,0,1.0,1.0
2018-12-11,18.193255920578775,1,1,0.0,1.0
2018-12-12,17.725760996965693,0,1,1.0,0.0
2018-12-13,18.212732714846076,1,0,0.0,1.0
2018-12-14,18.10559478048626,1,1,1.0,0.0
2018-12-17,17.803678908406226,1,1,1.0,1.0
2018-12-18,17.754977220548167,0,0,1.0,1.0
2018-12-19,17.87185078787948,1,1,0.0,1.0
2018-12-20,17.52123405502372,1,0,1.0,0.0
2018-12-21,17.414097162223555,1,1,1.0,1.0
2018-12-27,17.865560564444486,1,0,1.0,1.0
2018-12-28,18.120080955867763,1,1,1.0,1.0
2018-12-31,17.327147057374827,1,0,1.0,1.0
2019-01-02,18.22776631597841,1,0,1.0,1.0
2019-01-03,17.620826684209497,1,0,1.0,1.0
2019-01-04,16.935569893829534,1,0,1.0,1.0
2019-01-07,17.376091413369707,1,0,1.0,1.0
2019-01-08,16.612522598173815,1,1,1.0,1.0
2019-01-09,16.103477687801213,1,0,1.0,1.0
2019-01-10,16.15242243167713,1,1,1.0,1.0
2019-01-11,16.054529798811608,0,0,1.0,1.0
2019-01-14,16.289474194415288,1,0,0.0,1.0
2019-01-15,15.897899702541304,1,1,1.0,0.0
2019-01-16,15.330117409026089,1,1,1.0,1.0
2019-01-17,15.418223045449595,1,0,1.0,1.0
2019-01-18,15.271382845668736,1,0,1.0,1.0
2019-01-22,15.633588441682887,1,0,1.0,1.0
2019-01-23,15.359486035595774,1,1,1.0,1.0
2019-01-24,15.290960033063344,1,1,1.0,1.0
2019-01-25,15.653166399553582,0,1,1.0,1.0
2019-01-28,16.113265813715742,0,1,0.0,1.0
2019-01-29,16.191582882978597,0,0,0.0,0.0
2019-01-30,16.710415707651382,1,1,0.0,0.0
2019-01-31,16.994306909224264,0,0,1.0,0.0
2019-02-01,17.11177895627798,0,1,0.0,1.0
2019-02-04,16.78873050773821,0,1,0.0,0.0
2019-02-05,17.160724639892578,1,0,0.0,0.0
2019-02-06,16.99430882503345,1,1,1.0,0.0
2019-02-07,17.131357533102133,0,1,1.0,1.0
2019-02-08,17.385880887154833,0,0,0.0,1.0
2019-02-11,17.522929294975267,1,0,0.0,0.0
2019-02-12,17.611031656988313,0,0,1.0,0.0
2019-02-13,16.93557095677534,1,1,0.0,1.0
2019-02-14,16.710417814325528,1,0,1.0,0.0
2019-02-15,16.720204889522012,1,1,1.0,1.0
2019-02-19,17.023674066760126,0,1,1.0,1.0
2019-02-20,17.68935031000619,1,0,0.0,1.0
2019-02-21,17.542510241235828,1,0,1.0,0.0
2019-02-22,17.111777282174376,1,0,1.0,1.0
2019-02-25,16.778940394310847,1,0,1.0,1.0
2019-02-26,16.25031767852399,0,0,1.0,1.0
2019-02-27,16.211159242654723,1,1,0.0,1.0
2019-02-28,16.132843632681432,1,0,1.0,0.0
2019-03-01,16.16221221296532,0,1,1.0,1.0
2019-03-04,15.976215895881307,0,1,0.0,1.0
2019-03-05,16.191580334099747,0,0,0.0,0.0
2019-03-06,16.57336733850197,1,1,0.0,0.0
2019-03-07,16.17200260566148,0,1,1.0,0.0
2019-03-08,16.8866233593667,0,1,0.0,1.0
2019-03-11,17.425037661568826,0,0,0.0,0.0
2019-03-12,17.30756950378418,1,1,0.0,0.0
2019-03-13,17.513141474916928,0,0,1.0,0.0
2019-03-14,17.062834634040055,1,0,0.0,1.0
2019-03-15,17.307567484910106,1,0,1.0,0.0
2019-03-18,17.033464924418322,0,0,1.0,1.0
2019-03-19,16.974730285760177,1,1,0.0,1.0
2019-03-20,16.739785378150383,0,1,1.0,0.0
2019-03-21,17.131356284880127,0,1,0.0,1.0
2019-03-22,17.307565906966964,0,1,0.0,0.0
2019-03-25,18.061346226346764,0,1,0.0,0.0
2019-03-26,18.501867305875688,0,0,0.0,0.0
2019-03-27,19.001121834444486,1,0,0.0,0.0
2019-03-28,18.33544733984591,1,0,1.0,0.0
2019-03-29,18.306080181276577,1,0,1.0,1.0
2019-04-01,17.934081909367737,1,1,1.0,1.0
2019-04-02,17.513144557898226,1,0,1.0,1.0
2019-04-03,17.61103661553492,0,1,1.0,1.0
2019-04-04,17.248830217176913,0,0,0.0,1.0
2019-04-05,17.738299297494486,1,0,0.0,0.0
2019-04-08,17.86555676759773,0,1,1.0,0.0
2019-04-09,17.689349869573476,0,0,0.0,1.0
2019-04-10,18.10050210615587,0,0,0.0,0.0
2019-04-11,17.620826333523535,1,0,0.0,0.0
2019-04-12,17.620824839366318,0,1,1.0,0.0
2019-04-15,17.3760894096061,0,0,0.0,1.0
2019-04-16,17.6501944680512,1,0,0.0,0.0
2019-04-17,17.366305503175735,1,1,1.0,0.0
2019-04-18,17.268409098388055,0,0,1.0,1.0
2019-04-22,17.425038249529145,1,0,0.0,1.0
2019-04-23,16.886625711681575,1,1,1.0,0.0
2019-04-24,16.808309319466172,0,1,1.0,1.0
2019-04-25,16.955149545885902,1,1,0.0,1.0
2019-04-26,17.082413106923088,1,0,1.0,0.0
2019-04-29,17.082412667594888,0,1,1.0,1.0
2019-04-30,16.641892116647302,1,0,0.0,1.0
2019-05-01,16.63209810760176,0,0,1.0,0.0
2019-05-02,16.48526276523937,1,1,0.0,1.0
2019-05-03,16.64188767735466,1,1,1.0,0.0
2019-05-06,16.602731102916742,1,1,1.0,1.0
2019-05-07,16.60273190194242,0,0,1.0,1.0
2019-05-08,16.886623918714072,0,0,0.0,1.0
2019-05-09,16.641890745734354,1,0,0.0,0.0
2019-05-10,16.35799899327686,1,1,1.0,0.0
2019-05-13,15.956635085478899,0,1,1.0,1.0
2019-05-14,16.211159122377893,0,0,0.0,1.0
2019-05-15,16.53420965100681,1,0,0.0,0.0
2019-05-16,16.34821094228734,1,1,1.0,0.0
2019-05-17,15.995794057406693,1,0,1.0,1.0
2019-05-21,15.946850247390998,1,1,1.0,1.0
2019-05-23,15.829374731544352,1,0,1.0,1.0
2019-05-24,15.751059243029625,1,0,1.0,1.0
2019-05-28,15.39864281985446,1,0,1.0,1.0
2019-05-29,15.535694017834187,0,1,1.0,1.0
2019-05-30,15.598527373300483,1,1,0.0,1.0
2019-05-31,15.96196949807909,0,1,1.0,0.0
2019-06-03,16.698674138718605,0,1,0.0,1.0
2019-06-04,17.111232522516733,1,1,0.0,0.0
2019-06-05,17.680949550307126,0,1,1.0,0.0
2019-06-06,17.425555391415323,0,0,0.0,1.0
2019-06-07,17.76935493546965,1,0,0.0,0.0
2019-06-10,17.317507815909845,0,1,1.0,0.0
2019-06-11,17.445204259762107,0,1,0.0,1.0
2019-06-12,17.828290710660735,1,1,0.0,0.0
2019-06-13,17.965809873900707,0,1,1.0,0.0
2019-06-14,18.348896284255872,1,1,0.0,1.0
2019-06-17,18.34889534324744,0,1,1.0,0.0
2019-06-18,18.869502373051017,0,0,0.0,1.0
2019-06-19,18.545348200123524,0,1,0.0,0.0
2019-06-20,19.30170254243169,0,1,0.0,0.0
2019-06-21,19.802666045265017,1,1,0.0,0.0
2019-06-24,20.362562574369907,0,0,1.0,0.0
2019-06-25,21.10908863165355,1,0,0.0,1.0
2019-06-26,19.733903840965,0,0,1.0,0.0
2019-06-27,20.116991493909715,1,1,0.0,1.0
2019-06-28,20.244687227321297,1,0,1.0,0.0
2019-07-02,19.576742538874672,0,0,1.0,1.0
2019-07-05,20.038408514514572,1,1,0.0,1.0
2019-07-08,20.31344688513936,1,1,1.0,0.0
2019-07-09,20.35273821121764,0,1,1.0,1.0
2019-07-10,20.85369534048862,0,0,0.0,1.0
2019-07-11,21.05997887649617,1,1,0.0,0.0
2019-07-12,21.059977542415112,0,0,1.0,0.0
2019-07-15,21.168025360405945,0,0,0.0,1.0
2019-07-16,20.74564862768286,1,1,0.0,0.0
2019-07-17,20.814406467620664,0,1,1.0,0.0
2019-07-18,21.34483323226018,0,1,0.0,1.0
2019-07-19,21.95384588201204,1,1,0.0,0.0
2019-07-22,22.10118697896589,0,0,1.0,0.0
2019-07-23,22.26817457341223,0,1,0.0,1.0
2019-07-24,22.494097827168535,1,0,0.0,0.0
2019-07-25,22.297643443412337,0,1,1.0,0.0
2019-07-26,22.09136238475425,1,1,0.0,1.0
2019-07-29,22.101186913683076,0,0,1.0,0.0
2019-07-30,22.29764409992409,0,0,0.0,1.0
2019-07-31,21.953844557935252,1,1,0.0,0.0
2019-08-01,20.549193253725594,1,0,1.0,0.0
2019-08-02,22.012784124714788,1,1,1.0,1.0
2019-08-06,22.59232287257831,0,1,1.0,1.0
2019-08-07,23.525484641004013,0,1,0.0,1.0
2019-08-08,23.162043846557733,0,0,0.0,0.0
2019-08-09,23.505839881073232,1,0,0.0,0.0
2019-08-12,24.055913557885127,0,1,1.0,0.0
2019-08-13,23.967506360890454,0,1,0.0,1.0
2019-08-14,23.93804379871273,1,1,0.0,0.0
2019-08-15,23.79069923213609,0,0,1.0,0.0
2019-08-16,23.869280703510853,1,0,0.0,1.0
2019-08-19,23.496018611333128,1,1,1.0,0.0
2019-08-20,23.859460559219645,0,0,1.0,1.0
2019-08-21,24.17378742578328,1,1,0.0,1.0
2019-08-22,24.222900203067947,0,1,1.0,0.0
2019-08-23,25.087304359582177,1,1,0.0,1.0
2019-08-26,25.19535278073416,0,1,1.0,0.0
2019-08-27,25.10694706565115,0,1,0.0,1.0
2019-08-28,25.83383053316995,0,0,0.0,0.0
2019-08-29,26.003634669053675,1,1,0.0,0.0
2019-08-30,24.999707484643906,1,1,1.0,0.0
2019-09-03,25.69851945778532,1,1,1.0,1.0
2019-09-04,25.393402622001844,0,0,1.0,1.0
2019-09-05,25.16702910991528,1,0,0.0,1.0
2019-09-06,23.99578110839563,1,0,1.0,0.0
2019-09-09,23.22807741402015,1,0,1.0,1.0
2019-09-10,22.29304624027764,1,1,1.0,1.0
2019-09-11,22.28320621152678,0,0,1.0,1.0
2019-09-12,23.33634162480547,0,1,0.0,1.0
2019-09-13,22.696584462264962,1,0,0.0,0.0
2019-09-16,22.6965851735148,0,1,1.0,0.0
2019-09-17,22.60800204522008,0,0,0.0,1.0
2019-09-18,23.444610134672946,1,1,0.0,0.0
2019-09-19,23.25760016939601,0,1,1.0,0.0
2019-09-20,23.91704108611895,1,1,0.0,1.0
2019-09-23,24.27137232470519,0,1,1.0,0.0
2019-09-24,24.025310775551592,0,0,0.0,1.0
2019-09-25,24.4091629748593,1,0,0.0,0.0
2019-09-26,23.798934213952737,1,0,1.0,0.0
2019-09-27,23.12965105274917,1,0,1.0,1.0
2019-09-30,22.647373908573844,1,0,1.0,1.0
2019-10-01,22.430843097858173,1,1,1.0,1.0
2019-10-02,22.775323412166987,0,0,1.0,1.0
2019-10-03,22.903274733751303,0,1,0.0,1.0
2019-10-04,22.539106431458865,0,0,0.0,0.0
2019-10-07,23.050911665137487,1,1,0.0,0.0
2019-10-08,23.51350451891756,0,0,1.0,0.0
2019-10-09,23.6217749205198,1,0,0.0,1.0
2019-10-10,23.424926045266126,0,0,1.0,0.0
2019-10-11,23.07059760649681,1,0,0.0,1.0
2019-10-15,22.09619874618841,1,1,1.0,0.0
2019-10-16,21.80092880932089,0,1,1.0,1.0
2019-10-17,21.86982134878605,0,1,0.0,1.0
2019-10-18,22.42100047284124,1,0,0.0,0.0
2019-10-21,22.273361180873717,1,0,1.0,0.0
2019-10-22,21.79108306823724,1,0,1.0,1.0
2019-10-23,21.584392976464763,1,1,1.0,1.0
2019-10-24,21.397389181217815,0,1,1.0,1.0
2019-10-25,22.539104635759116,0,0,0.0,1.0
2019-10-28,21.850139346050078,1,1,0.0,0.0
2019-10-29,21.308809244489964,0,1,1.0,0.0
2019-10-30,21.60407950197316,0,1,0.0,1.0
2019-10-31,22.41115734923725,0,0,0.0,0.0
2019-11-01,22.381627293524147,0,0,0.0,0.0
2019-11-04,21.95840380146466,1,0,0.0,0.0
2019-11-05,21.111960640899245,0,1,1.0,0.0
2019-11-06,21.87966537785833,0,0,0.0,1.0
2019-11-07,21.89935084236957,0,1,0.0,0.0
2019-11-08,21.11195686213735,1,1,0.0,0.0
2019-11-11,21.25959277672885,1,1,1.0,0.0
2019-11-12,21.32849311445296,0,1,1.0,1.0
2019-11-13,21.633604541175366,1,0,0.0,1.0
2019-11-14,21.88950728227581,0,0,1.0,0.0
2019-11-15,21.61391998267105,0,1,0.0,1.0
2019-11-18,21.554866570958872,0,1,0.0,0.0
2019-11-19,21.87966469181081,0,0,0.0,0.0
2019-11-20,22.293046466177405,0,0,0.0,0.0
2019-11-21,22.224152356687235,0,0,0.0,0.0
2019-11-22,21.820610739902648,1,0,0.0,0.0
2019-11-25,21.55486536344316,0,1,1.0,0.0
2019-11-26,21.525341253258734,0,0,0.0,1.0
2019-11-27,21.899351347486252,1,1,0.0,0.0
2019-12-02,21.92487083509285,0,1,1.0,0.0
2019-12-03,22.60601321656531,0,0,0.0,1.0
2019-12-04,22.586268987362903,1,1,0.0,0.0
2019-12-05,22.191404934306842,1,0,1.0,0.0
2019-12-06,22.072947559158667,0,0,1.0,1.0
2019-12-09,22.221019614723872,0,1,0.0,1.0
2019-12-10,22.13217396674992,0,1,0.0,0.0
2019-12-11,22.576398239846874,0,0,0.0,0.0
2019-12-12,23.198311493284802,0,1,0.0,0.0
2019-12-13,22.645502469717933,0,0,0.0,0.0
2019-12-16,22.92190585792043,0,0,0.0,0.0
2019-12-17,22.566528742363804,1,1,0.0,0.0
2019-12-18,22.57639766102697,0,0,1.0,0.0
2019-12-19,23.227928345982715,1,0,0.0,1.0
2019-12-20,22.80344538254655,1,1,1.0,0.0
2019-12-23,22.84293014078944,0,0,1.0,1.0
2019-12-27,23.731379425501636,1,1,0.0,1.0
2019-12-30,23.731380406667125,0,0,1.0,0.0
2019-12-31,24.136113832186712,0,0,0.0,1.0
2020-01-02,24.007784224295392,0,1,0.0,0.0
2020-01-03,24.185474460673646,0,0,0.0,0.0
2020-01-06,24.333548453830932,0,1,0.0,0.0
2020-01-07,23.612920310249642,0,0,0.0,0.0
2020-01-08,23.691891515932692,0,0,0.0,0.0
2020-01-09,22.724473504901482,1,1,0.0,0.0
2020-01-10,22.73434258606997,0,0,1.0,0.0
2020-01-13,22.862675340301852,1,1,0.0,1.0
2020-01-14,22.378965951484666,0,1,1.0,0.0
2020-01-15,22.87254988481214,0,1,0.0,1.0
2020-01-16,23.16869545139143,0,0,0.0,0.0
2020-01-17,23.39574551183857,0,1,0.0,0.0
2020-01-21,23.168692387274195,0,1,0.0,0.0
2020-01-22,23.652405091444077,0,1,0.0,0.0
2020-01-23,23.64253407725628,0,1,0.0,0.0
2020-01-24,23.928812127782827,0,0,0.0,0.0
2020-01-27,24.767900541693695,0,0,0.0,0.0
2020-01-28,24.02752690886181,1,1,0.0,0.0
2020-01-29,23.494458249521013,0,1,1.0,0.0
2020-01-30,24.007782571754703,0,1,0.0,1.0
2020-01-31,24.126241972633945,0,0,0.0,0.0
2020-02-03,23.95842653397011,0,0,0.0,0.0
2020-02-04,23.62278938293457,0,1,0.0,0.0
2020-02-05,23.52407586726212,1,1,0.0,0.0
2020-02-06,23.80048087555583,0,0,1.0,0.0
2020-02-07,24.26444747740191,0,1,0.0,1.0
2020-02-10,24.04727008921627,0,0,0.0,0.0
2020-02-11,24.10650135186955,0,0,0.0,0.0
2020-02-12,24.27431841463045,0,1,0.0,0.0
2020-02-13,24.343418395070877,0,1,0.0,0.0
2020-02-14,24.82712896597716,0,1,0.0,0.0
2020-02-18,25.952493587908968,0,1,0.0,0.0
2020-02-19,27.107471758478347,0,0,0.0,0.0
2020-02-20,27.393750296075353,1,1,0.0,0.0
2020-02-21,28.084765518977786,0,1,1.0,0.0
2020-02-24,29.377946593381647,0,0,0.0,1.0
2020-02-25,28.42039753506537,1,0,0.0,0.0
2020-02-26,27.561569628353933,1,0,1.0,0.0
2020-02-27,28.227578624086465,0,0,1.0,1.0
2020-02-28,24.4639021567508,1,1,0.0,1.0
2020-03-02,25.800995004192647,1,1,1.0,0.0
2020-03-03,26.672586643537468,1,0,1.0,1.0
2020-03-04,27.74226066003641,1,1,1.0,1.0
2020-03-05,27.752166204464768,0,1,1.0,1.0
2020-03-06,28.574231145301336,0,0,0.0,1.0
2020-03-09,27.43522500303996,1,1,0.0,0.0
2020-03-10,27.197517496446746,1,0,1.0,0.0
2020-03-11,26.64286952638552,1,0,1.0,1.0
2020-03-12,23.453650710619605,0,0,1.0,1.0
2020-03-13,23.988486949016824,1,1,0.0,1.0
2020-03-16,18.22411948851417,1,1,1.0,0.0
2020-03-17,22.700914035188614,1,0,1.0,1.0
2020-03-18,23.23575287143075,1,1,1.0,1.0
2020-03-19,22.185884163679944,1,0,1.0,1.0
2020-03-20,23.48336346480348,1,1,1.0,1.0
2020-03-23,23.453651070422026,1,1,1.0,1.0
2020-03-24,26.73201172642766,1,0,1.0,1.0
2020-03-25,27.35599005001032,1,1,1.0,1.0
2020-03-26,27.286659240722656,1,0,1.0,1.0
2020-03-27,26.692392924125546,1,1,1.0,1.0
2020-03-30,26.89048121895377,1,0,1.0,1.0
2020-03-31,26.781535046398183,1,1,1.0,1.0
2020-04-01,25.741569954123047,1,1,1.0,1.0
2020-04-02,27.0885702456433,1,1,1.0,1.0
2020-04-03,27.653119674223408,1,1,1.0,1.0
2020-04-06,28.73270334406706,0,0,1.0,1.0
2020-04-07,28.415761516079826,1,1,0.0,1.0
2020-04-08,28.03939355931965,1,1,1.0,0.0
2020-04-09,29.04964393974113,1,1,1.0,1.0
2020-04-13,31.14938138949388,1,1,1.0,1.0
2020-04-14,33.53634187900324,1,1,1.0,1.0
2020-04-15,33.219403818138076,1,1,1.0,1.0
2020-04-16,34.17022425417746,1,0,1.0,1.0
2020-04-17,32.93217693119595,1,1,1.0,1.0
2020-04-20,33.94242321253765,0,0,1.0,1.0
2020-04-21,33.95232795116867,1,1,0.0,1.0
2020-04-22,35.824264585736834,1,1,1.0,0.0
2020-04-23,37.42877652983819,1,1,1.0,1.0
2020-04-24,37.89428220377345,1,0,1.0,1.0
2020-04-27,37.63676774840921,1,0,1.0,1.0
2020-04-28,36.636425974652546,1,0,1.0,1.0
2020-04-29,36.705753172533065,1,0,1.0,1.0
2020-04-30,35.824264770212274,1,1,1.0,1.0
2020-05-01,34.96257703290258,1,1,1.0,1.0
2020-05-04,38.12208832833035,1,1,1.0,1.0
2020-05-05,37.88438074314651,1,0,1.0,1.0
2020-05-06,38.91443942696231,1,1,1.0,1.0
2020-05-07,37.646670590800326,1,0,1.0,1.0
2020-05-08,37.88438153634552,1,0,1.0,1.0
2020-05-11,37.676392075789025,1,1,1.0,1.0
2020-05-12,36.61661476142482,1,1,1.0,1.0
2020-05-13,36.94346011798004,1,1,1.0,1.0
2020-05-14,36.54728680019554,1,1,1.0,1.0
2020-05-15,38.617310599951686,1,0,1.0,1.0
2020-05-19,37.74571631566373,1,0,1.0,1.0
2020-05-20,38.924345721679174,1,0,1.0,1.0
2020-05-21,37.18117013803913,1,1,1.0,1.0
2020-05-22,37.05241227949802,1,0,1.0,1.0
2020-05-26,35.41817869889169,1,0,1.0,1.0
2020-05-27,32.020973750352375,1,1,1.0,1.0
2020-05-28,33.475615087670604,1,1,1.0,1.0
2020-05-29,33.723948737878835,1,1,1.0,1.0
2020-06-01,32.90940992481615,1,0,1.0,1.0
2020-06-02,33.32660840180101,0,0,1.0,1.0
2020-06-03,31.32999506112362,1,1,0.0,1.0
2020-06-04,31.906130689333164,1,0,1.0,0.0
2020-06-05,30.02871770828998,1,1,1.0,1.0
2020-06-08,30.823390615427797,1,1,1.0,1.0
2020-06-09,32.204132097583226,0,1,1.0,1.0
2020-06-10,32.94914107618999,1,0,0.0,1.0
2020-06-11,33.95241863527859,1,0,1.0,0.0
2020-06-12,33.26701321915844,1,1,1.0,1.0
2020-06-15,31.84653632974573,1,0,1.0,1.0
2020-06-16,32.9392100506546,1,1,1.0,1.0
2020-06-17,32.87960400054177,1,0,1.0,1.0
2020-06-18,32.53193767608259,1,1,1.0,1.0
2020-06-19,32.73060848904052,1,1,1.0,1.0
2020-06-22,33.90275018979623,0,1,1.0,1.0
2020-06-23,34.75702598217696,1,1,0.0,1.0
2020-06-24,34.56828827800375,1,1,1.0,0.0
2020-06-25,34.86628897972009,1,1,1.0,1.0
2020-06-26,34.73715490042501,0,1,1.0,1.0
2020-06-29,35.36296116151651,1,1,0.0,1.0
2020-06-30,35.442427240149584,0,0,1.0,0.0
2020-07-02,35.899365163383194,1,1,0.0,1.0
2020-07-06,35.929165599640854,1,1,1.0,0.0
2020-07-07,35.760299656552746,0,1,1.0,1.0
2020-07-08,37.04171196289826,1,0,0.0,1.0
2020-07-09,37.53838280030061,1,0,1.0,0.0
2020-07-10,37.29004388227617,1,0,1.0,1.0
2020-07-13,36.942372731001775,0,1,1.0,1.0
2020-07-14,35.20402596992338,1,0,0.0,1.0
2020-07-15,36.247035963088344,1,0,1.0,0.0
2020-07-16,35.988768841083996,1,1,1.0,1.0
2020-07-17,36.3463679612074,0,1,1.0,1.0
2020-07-20,37.20064644425895,0,0,0.0,1.0
2020-07-21,38.611186983681776,0,1,0.0,0.0
2020-07-22,38.2237836611442,1,0,0.0,0.0
2020-07-23,38.03505044347008,0,1,1.0,0.0
2020-07-24,37.57811321801336,1,1,0.0,1.0
2020-07-27,39.24692673709977,0,0,1.0,0.0
2020-07-28,39.236993974246886,0,0,0.0,1.0
2020-07-29,39.59459826264098,0,0,0.0,0.0
2020-07-30,37.160910174163526,1,1,0.0,0.0
2020-07-31,38.243654407143204,0,1,1.0,0.0
2020-08-04,38.213853301840096,0,0,0.0,1.0
2020-08-05,40.23033557199557,0,0,0.0,0.0
2020-08-06,39.83299742205246,0,0,0.0,0.0
2020-08-07,38.511853998837424,1,0,0.0,0.0
2020-08-10,38.94892327226527,0,0,1.0,0.0
2020-08-11,35.5616292064298,1,0,0.0,1.0
2020-08-12,35.46229728903413,1,1,1.0,0.0
2020-08-13,34.88615558032977,0,0,1.0,1.0
2020-08-14,35.680828457063775,1,1,0.0,1.0
2020-08-17,39.05819182718557,0,0,1.0,0.0
2020-08-18,40.81640549076054,0,0,0.0,1.0
2020-08-19,39.13766166247023,1,1,0.0,0.0
2020-08-20,38.21385295920168,1,0,1.0,0.0
2020-08-21,38.90918763996214,1,0,1.0,1.0
2020-08-24,38.89925979318028,0,0,1.0,1.0
2020-08-25,37.806585128754655,0,1,0.0,1.0
2020-08-26,37.270175318031406,0,0,0.0,0.0
2020-08-27,38.86945717351121,0,1,0.0,0.0
2020-08-28,37.962601026211736,1,1,0.0,0.0
2020-08-31,38.341133431660104,0,0,1.0,0.0
2020-09-01,39.24761300112148,0,1,0.0,1.0
2020-09-02,37.93271934563572,1,0,0.0,0.0
2020-09-03,38.37101660540839,0,0,1.0,0.0
2020-09-04,37.85302586002297,0,1,0.0,1.0
2020-09-08,37.37488441912495,1,1,0.0,0.0
2020-09-09,38.88900331588274,0,0,1.0,0.0
2020-09-10,40.343356618360296,1,0,0.0,1.0
2020-09-11,39.75563689901588,1,1,1.0,0.0
2020-09-14,39.60621577041459,0,1,1.0,1.0
2020-09-15,39.74567737279797,0,0,0.0,1.0
2020-09-16,39.755638744079754,0,0,0.0,0.0
2020-09-17,38.83919804875189,1,0,0.0,0.0
2020-09-18,38.49054860907815,1,0,1.0,0.0
2020-09-21,37.30515235396457,1,1,1.0,1.0
2020-09-22,37.47449420558925,1,0,1.0,1.0
2020-09-23,37.26530744212943,0,1,1.0,1.0
2020-09-24,35.800992900672945,1,1,0.0,1.0
2020-09-25,36.627782117052995,1,1,1.0,0.0
2020-09-28,37.27526567819663,0,1,1.0,1.0
2020-09-29,37.235423342521784,0,0,0.0,1.0
2020-09-30,37.474494719755675,1,1,0.0,0.0
2020-10-01,37.643837902613136,0,0,1.0,0.0
2020-10-02,37.40476563786407,0,1,0.0,1.0
2020-10-05,37.036198635402506,0,0,0.0,0.0
2020-10-06,37.514340278370156,0,0,0.0,0.0
2020-10-07,36.209407042973105,1,1,0.0,0.0
2020-10-08,35.840837697163856,0,1,1.0,0.0
2020-10-09,36.368786529014564,0,0,0.0,1.0
2020-10-13,36.45843920616677,0,1,0.0,0.0
2020-10-14,36.92662408661151,0,0,0.0,0.0
2020-10-15,36.79712443029374,1,0,0.0,0.0
2020-10-16,36.55805586483349,1,0,1.0,0.0
2020-10-19,36.488324710474174,0,0,1.0,1.0
2020-10-20,35.532033912935255,1,1,0.0,1.0
2020-10-21,35.66153421227846,0,0,1.0,0.0
2020-10-22,35.462307934122656,0,0,0.0,1.0
2020-10-23,35.133583692993,1,0,0.0,0.0
2020-10-26,34.97420226615164,0,1,1.0,0.0
2020-10-27,34.99412677997521,0,0,0.0,1.0
2020-10-28,34.934358674081885,1,1,0.0,0.0
2020-10-29,34.16733627950886,0,1,1.0,0.0
2020-10-30,34.96424189284251,1,1,0.0,1.0
2020-11-02,35.731261044388255,1,1,1.0,0.0
2020-11-03,35.99025888194587,0,0,1.0,1.0
2020-11-04,36.36878762779932,1,1,0.0,1.0
2020-11-05,36.916663135086466,0,0,1.0,0.0
2020-11-06,38.61008511391133,0,0,0.0,1.0
2020-11-09,35.193352953024494,0,0,0.0,0.0
2020-11-10,34.96424019296296,1,0,0.0,0.0
2020-11-11,33.519853270060224,1,1,1.0,0.0
2020-11-12,33.97807002762361,0,1,1.0,1.0
2020-11-13,34.43629154312907,0,0,0.0,1.0
2020-11-16,33.579615823667716,0,0,0.0,0.0
2020-11-17,33.619462383926056,0,0,0.0,0.0
2020-11-18,32.92216970558515,0,0,0.0,0.0
2020-11-19,31.537546572152106,1,1,0.0,0.0
2020-11-20,31.677005025855856,0,0,1.0,0.0
2020-11-23,31.43793330837295,0,0,0.0,1.0
2020-11-24,29.316172504121763,1,1,0.0,0.0
2020-11-25,30.023425180976233,0,1,1.0,0.0
2020-11-30,29.11000061035156,0,1,0.0,1.0
2020-12-01,30.920000076293945,0,1,0.0,0.0
2020-12-02,31.13999938964844,0,0,0.0,0.0
2020-12-03,31.270000457763672,0,0,0.0,0.0
2020-12-04,30.45000076293945,0,1,0.0,0.0
2020-12-07,29.979999542236328,0,0,0.0,0.0
2020-12-08,30.85000038146973,0,0,0.0,0.0
2020-12-09,30.3700008392334,0,0,0.0,0.0
2020-12-10,29.95000076293945,0,0,0.0,0.0
2020-12-11,29.5,0,0,0.0,0.0
2020-12-14,29.149999618530273,0,1,0.0,0.0
2020-12-15,29.1200008392334,0,1,0.0,0.0
2020-12-16,29.31999969482422,0,1,0.0,0.0
2020-12-17,30.020000457763672,0,0,0.0,0.0
2020-12-18,30.20000076293945,1,0,0.0,0.0
2020-12-21,29.940000534057614,0,0,1.0,0.0
2020-12-22,29.649999618530273,0,1,0.0,1.0
2020-12-23,29.10000038146973,0,0,0.0,0.0
2020-12-29,29.489999771118164,0,1,0.0,0.0
2020-12-30,29.420000076293945,0,0,0.0,0.0
2020-12-31,29.57999992370605,0,1,0.0,0.0
2021-01-04,30.28000068664551,0,0,0.0,0.0
2021-01-05,31.85000038146973,0,1,0.0,0.0
2021-01-06,30.68000030517578,0,1,0.0,0.0
2021-01-07,31.25,0,0,0.0,0.0
2021-01-08,30.729999542236328,0,0,0.0,0.0
2021-01-11,30.149999618530273,0,0,0.0,0.0
2021-01-12,30.10000038146973,0,0,0.0,0.0
2021-01-13,30.1200008392334,0,0,0.0,0.0
2021-01-14,29.88999938964844,0,0,0.0,0.0
2021-01-15,30.020000457763672,0,1,0.0,0.0
2021-01-19,29.729999542236328,0,1,0.0,0.0
2021-01-20,30.149999618530273,0,0,0.0,0.0
